cpf;rg;nome;data_nascimento;cidade_nascimento73772193637;214750534;Enid Reichel;07/06/1915;Bakersfield
18997980189;949484718;Eldred Paucek;17/02/1979;Fremont
31868517052;632143951;Aubree Tromp;22/01/1995;Riverside
71351236340;951414614;Avery Dicki;28/03/1926;Norfolk
84913116288;608074989;Yesenia Bergstrom;21/04/2005;Chandler
49275690704;138469439;Mariana Deckow;07/09/2009;Dallas
24051432630;129689368;Mavis Smitham;13/10/1938;Nashville-Davidson
93741260629;448635089;Else Mills;20/05/1936;Reno
37741565523;234556553;Amina Rath;06/03/1997;Austin
77962055283;101441973;Moses Green;24/04/1929;Fort Worth
74808425550;609196062;Adela Toy;23/08/1980;Mesa
32683623687;420605006;Brad Bednar;17/07/1994;Denver
51265796099;792547944;Kevon Feeney;02/04/2001;Columbus
76326094303;521802277;Princess Murphy;05/11/1913;Minneapolis
72710597805;112884120;Darrell Eichmann;30/06/1939;Anaheim
74279437737;659719931;Merl Rippin;10/06/1931;Philadelphia
32177292787;806840592;Eileen Koelpin;14/05/1936;Santa Ana
17414876310;818819362;Elisabeth Homenick;18/07/1941;Miami
38989895167;478933890;Virgil Rutherford;25/01/1931;Fremont
86566636690;197605585;Vickie Johns;14/12/1908;Baton Rouge
87936524357;365651223;Janae Lowe;12/09/1968;San Jose
24569099957;531418395;Cade Torphy;21/04/1968;San Jose
43809116401;444547145;Augusta Leuschke;31/10/1919;Columbus
75521503281;943209449;Alyson Cartwright;07/07/1905;North Las Vegas
54323802638;266912809;Keanu Wilkinson;04/11/1955;Boise
40602641185;496570563;Naomie Lesch;04/06/1940;Fort Worth
41257826155;324183775;Orlo Rutherford;11/06/1952;Corpus Christi
60991697278;183349247;Macey Rempel;07/06/1950;St. Petersburg
71573343500;486637901;Andrew Ledner;18/04/1913;Miami
57918270068;703974767;Phyllis Marvin;29/03/1978;San Diego
55086771337;572126724;Hellen Mosciski;07/12/2021;Madison
12382675235;715169773;Tre Connelly;06/10/1949;Baltimore
98108795484;658977595;Berta Wintheiser;31/10/1998;San Jose
22841919962;809935206;Liana Kling;14/04/1996;Philadelphia
43251380033;545333074;Wendell Rowe;02/03/1979;Baltimore
55746466813;780175798;Fabiola Olson;25/01/1902;St. Petersburg
53339426659;594628874;Colin Goldner;28/10/1961;Birmingham
15496815846;715926005;Arely Corkery;20/07/1940;Fremont
89408271149;779963005;Mallie Jewess;31/08/1936;Stockton
29586345410;778400930;Hanna Lang;15/09/1961;Laredo
85307634986;246494700;Arvilla Sanford;29/05/1986;Oakland
40275669737;152312054;Alisha Gutmann;29/01/1977;Colorado Springs
20622284181;435649121;Edmond Bode;15/10/1947;Irving
18217821153;176006437;Leon Schamberger;15/05/1914;Garland
82010613995;440682187;Freddie Kling;19/06/1934;Santa Ana
28749540688;572352770;Hilbert Strosin;07/05/1945;Jersey
78689954841;322139101;Marquis Collins;31/05/1983;Boise
33716209805;100634234;Francisco Grimes;17/03/1950;Albuquerque
87330608882;400291636;Laney Jerde;12/11/1931;Chula Vista
94621195722;241577821;June Jenkins;21/09/1909;Riverside
82473875747;243906344;Jessy Hyatt;27/09/1917;Indianapolis
20207713113;589371003;Ibrahim Becker;25/10/1930;Nashville-Davidson
26039003001;701551623;Aliya Fahey;21/06/2005;Detroit
19256133208;618379165;Eunice Johns;18/12/1965;Cincinnati
72688509426;760509030;Birdie Kunde;27/01/1902;Phoenix
48067610310;370324089;Esperanza Considine;25/08/1907;Tucson
37450715262;891571442;Reggie Nitzsche;02/11/1922;Irving
21676305927;760088547;Colton Hickle;20/02/1928;Baltimore
86226250152;824599850;Otha Wisoky;18/01/1930;Virginia Beach
83798648114;450710453;Jacinthe Kuhn;18/01/2019;Long Beach
44071809765;563936951;Noe Dicki;10/07/1974;Newark
64542860708;392186946;Bryana Abernathy;05/09/1932;North Las Vegas
67675588372;553656769;Sonny Kemmer;26/12/1964;Minneapolis
74972679668;692279116;Jorge Denesik;26/10/2002;Irving
25646890492;980110273;Kenna Smitham;03/02/1919;Arlington
62782123779;424650342;Ubaldo Adams;29/03/1981;Phoenix
42992774798;139134008;Winona Farrell;11/02/1969;Oklahoma
54401436812;582443443;Josie Schiller;19/07/1955;New Orleans
90802414682;169831013;Joseph Renner;27/12/1990;New Orleans
32698041267;176177350;Martina Hudson;15/12/1970;Miami
12459921684;841275875;Emely Nolan;12/11/1949;Aurora
63906952517;502370598;Araceli Abbott;13/06/1944;Dallas
82989660006;288463549;Marielle DuBuque;05/07/1953;Seattle
98764423843;752069209;Corrine Halvorson;25/01/1910;Phoenix
80601939143;282144749;Flavio Mueller;26/07/1961;Fort Wayne
29434112421;648472685;Brandi Thiel;20/11/1944;Memphis
77862561952;147125877;Velva Christiansen;27/05/1994;Memphis
83019085135;252239145;Madalyn McLaughlin;02/07/1949;Lubbock
89537854752;911187280;Jaiden Tremblay;28/02/1965;Detroit
75281254216;574858856;Dario Deckow;22/09/1916;Lincoln
47023652801;580109506;Viola Price;24/04/1934;Laredo
27363098361;825865195;Veronica Mayert;24/07/1990;Pittsburgh
66534071973;429634088;Richard Orn;16/11/2011;Bakersfield
27769463902;423271489;Terry Waters;15/03/2003;Oakland
20779233173;355089763;Consuelo Jast;20/06/2003;Aurora
42588379967;957242712;Onie Schaden;30/10/1940;Chesapeake
88853174771;288637993;Jarret Dare;31/01/1960;Washington
77446544321;789468116;Valentine Altenwerth;23/09/1968;Lubbock
51745273223;673843719;Jabari Prosacco;22/05/1946;North Las Vegas
27642151755;852530723;Tanya Kris;01/02/1901;Baton Rouge
13530642373;813587150;Lacey Mayer;01/01/2010;San Francisco
62661470707;792193568;Dewitt Glover;01/08/1923;Tampa
93184924413;952263622;Pete Considine;13/10/1957;Baltimore
68075870557;705092492;Juliana Weissnat;01/10/1936;Glendale
85658505959;713201954;Kelton Jacobson;19/01/1968;Nashville-Davidson
17604052881;572411494;Rosina Sipes;21/03/1929;Greensboro
13742636104;330152726;Alena Howell;31/12/1990;Toledo
56538313211;731115171;Stephen Conn;13/07/1973;Washington
46142701820;156521215;Oscar Kovacek;16/12/2014;El Paso
71614664055;227313955;Gabrielle Trantow;13/09/1930;Lubbock
42546295258;180275769;Henriette Gibson;13/02/1986;Irvine
44798555287;836433750;Tevin Gusikowski;15/10/1962;Newark
49413125667;492880327;Jerry Champlin;12/01/1989;Corpus Christi
20471027000;474346796;Josianne Altenwerth;17/04/1974;Irvine
59702988300;825994493;Kaylah Herzog;23/11/1918;Columbus
63399710116;720835465;Berenice Rohan;22/02/1995;Memphis
11433382399;808018816;Llewellyn Klocko;26/06/1933;St. Paul
61389658526;599559815;Rafaela Murray;12/12/2015;Cleveland
25080067416;119668403;Angela Wiza;04/10/1902;Milwaukee
98392809039;368375759;Quentin Upton;18/09/1963;San Antonio
79721070099;189622365;Elta Gaylord;10/05/1993;Pittsburgh
36012957286;741950031;Fredy Wehner;12/12/1952;North Las Vegas
19256582426;456488316;Ethel Kilback;08/09/1949;Long Beach
73479808719;586312870;Anne Doyle;24/08/1948;Las Vegas
88499772460;870451694;Elton Spinka;04/02/2021;Newark
26232260088;780652800;Andre Sipes;21/05/1992;Orlando
74837760312;489056953;Judson Schaden;26/08/1904;Durham
68035655725;706303899;Lou Heidenreich;05/07/1927;Cleveland
40259006090;122630050;Velda Lockman;03/03/1977;Newark
51663294886;656467852;Jovan Wilkinson;01/07/1950;Bakersfield
95946675726;474201252;Ora McLaughlin;03/06/1938;Arlington
48410901400;502744314;Shayna Keebler;06/09/1942;Miami
42304182319;464639059;Marietta Haag;03/12/1967;Fremont
35378411564;281820361;Eliza Nader;13/06/1977;Lincoln
41421396506;610059081;Jayda Kshlerin;24/07/1984;Oakland
79810116005;250587881;Obie Marvin;08/08/1951;Denver
84247931113;809621300;Geovany Erdman;10/12/1908;Columbus
56484331874;187013253;Quinn Bailey;29/03/1928;Miami
47528949415;409377003;Elvie Hoeger;13/03/2003;Plano
54839851490;749726710;Chesley Emmerich;03/10/1963;Baltimore
40357919350;922398450;Madelyn Heller;16/09/2009;Indianapolis
47656634274;965260322;Edwardo Blanda;17/10/2012;Boise
46959787824;650758607;Waino Okuneva;23/11/1950;Long Beach
57972551855;547250334;Jazmyne Orn;16/09/1968;Norfolk
49379622373;915038349;Carlee Beahan;19/06/1920;Durham
69350047383;488964785;Randal Murphy;20/05/2008;Colorado Springs
46344391947;321113474;Gage Schumm;25/02/2021;Stockton
87418408282;987340153;Kade Anderson;01/05/1952;Birmingham
95442473583;773162341;Jaqueline Schuppe;18/02/1952;Mesa
39896541510;899062029;Emma Lueilwitz;04/06/1920;Long Beach
23827011222;362260045;Logan Johnson;21/06/1995;Santa Ana
33089300707;972144239;Summer Von;26/10/1918;San Antonio
78516725991;454919946;Peter Osinski;23/02/2020;San Jose
11482756474;951513340;Alphonso Quigley;11/09/2007;Mesa
33509725155;964736447;Derick Marquardt;20/06/1952;North Las Vegas
42913341422;910693147;Samson Heller;21/12/1954;Milwaukee
85168522126;554695245;Elise Stanton;03/09/2005;Anaheim
60110280786;248287676;Keagan Emard;21/04/2019;Las Vegas
44485945668;255101283;Darby Sipes;13/02/1929;Seattle
26942100859;365926284;Micaela Streich;28/01/1926;Newark
10013630176;579056637;Amelie Kreiger;27/09/1924;Pittsburgh
99982923512;955624459;Hal Jacobs;01/07/1971;San Diego
40570088552;762981013;Geo Huel;30/09/1997;Newark
91029809125;279076470;Jeffrey Mohr;01/12/1978;San Diego
58662925864;876997464;Emily Farrell;28/10/1937;San Francisco
76587435260;589150488;Raleigh Anderson;28/12/1973;Reno
31407773907;326332803;Yolanda Johns;23/07/1932;Chesapeake
98927923285;110697680;Nels Zulauf;16/01/1914;Lubbock
31010774459;629465981;Granville Bins;07/06/2013;Fort Wayne
86763160581;170916747;Americo Shanahan;18/08/1950;Pittsburgh
66422249574;638825937;Concepcion Breitenberg;25/08/2006;Columbus
63461309357;863371458;Miguel Jerde;21/02/1908;San Francisco
79503608959;538381756;Paige Huel;28/06/1900;Sacramento
54177797455;548533527;Queen Reilly;11/08/1972;Scottsdale
25932423743;730018865;Jerald Johnston;13/09/1909;Glendale
86699822924;720393139;Reggie Lakin;07/01/2015;Louisville/Jefferson
67563888529;737189205;Lowell Cummerata;20/11/1997;Chicago
35713108489;502070087;Taryn Anderson;02/04/2018;Newark
32339231269;852798859;Stella Bergnaum;16/12/2009;Tucson
10912762792;253494219;Kenton Schuppe;20/06/1930;Corpus Christi
60884538759;141049812;Anya Runolfsdottir;02/12/1930;San Bernardino
87960411021;193494542;Brando Turcotte;09/11/1990;Lincoln
36413492720;323269218;Alize Braun;30/11/2010;Indianapolis
57272675059;783789476;Delpha Ward;09/07/1929;Oklahoma
25136663154;136526512;Gianni Trantow;12/05/1928;Long Beach
37044361425;401929550;Jovany Pollich;11/01/1989;Fort Wayne
84308548768;453571356;Keara Yost;13/04/1940;Madison
44234044780;595769727;Emory Stark;27/10/1952;New York City
35025861450;264439303;Toy Kerluke;11/01/1914;St. Paul
86700769392;123179616;Jamel Ullrich;11/10/1956;New York City
71474520056;947914714;Nayeli Botsford;19/02/2015;Las Vegas
77983278714;189495389;Bonnie Stroman;03/10/1960;Austin
96861233828;818331480;Carolyne Eichmann;27/12/1931;El Paso
48035033989;737624752;Hattie Rath;31/01/1921;Pittsburgh
88142584894;577059077;Elta Jewess;01/10/1985;Durham
93665490172;763876580;Pete Jenkins;18/03/1979;Laredo
11020264475;249870997;Myrtle Labadie;21/04/1971;Long Beach
20971647120;839675104;Omer Reynolds;01/05/2004;Glendale
24491399017;618961159;Candace Bayer;24/12/1940;Greensboro
50070811270;880484988;Hermina Mueller;17/07/1963;Long Beach
14059207764;258218165;Anastacio Beer;26/10/1932;St. Petersburg
67985953462;690642860;Bernardo Hoppe;04/01/1922;Miami
79041902504;328153614;Shemar Kuhlman;29/12/1998;Pittsburgh
78187834750;132504485;Aurore Gulgowski;20/08/2003;Washington
85705322364;505106261;Abraham Schmidt;26/12/2023;Oakland
21348409892;536837559;Timothy Stamm;02/05/2013;Arlington
72447048811;605424225;Idella Treutel;02/07/1916;Stockton
25933669676;623020979;Ryleigh Feil;06/08/1910;Santa Ana
22020262994;584660318;Jayne Sauer;26/07/1926;Philadelphia
29902621547;820854243;Jaylin VonRueden;08/09/1923;Portland
27165854701;565650178;Barbara Davis;09/08/1942;Detroit
25984908700;376812487;Jordy Bernier;29/07/1955;Lubbock
13862777680;194409907;Tyrell Beahan;03/01/1989;Mesa
79411059947;233246856;Ernestina Boehm;12/08/1943;Honolulu
67842598247;637818172;Melvin Powlowski;12/09/1905;Bakersfield
34984869249;329423622;Johan Mertz;19/08/1918;Lubbock
48517245787;432709389;Vivien Padberg;01/10/1988;Mesa
69653384569;378987370;Liam Bradtke;27/04/2010;Fort Worth
62113538837;607848606;Marcelo Bogan;26/05/1957;Louisville/Jefferson
96721648461;495857288;Israel Cole;10/04/2019;Lincoln
13571247038;891294258;Jayce Becker;23/04/1901;Newark
43316425581;157334183;Ramona Mayert;24/09/1925;Minneapolis
84075037780;835937659;Mavis Bergstrom;10/04/1990;Oklahoma
62688206883;734972706;Kaitlyn Gerlach;16/02/1970;Jacksonville
33335618845;847140597;Camryn Sanford;25/12/1939;Charlotte
66998406054;793690708;Amelia Hills;12/01/1962;Fremont
27424988760;675881347;Dianna Schaden;27/09/1993;Chula Vista
72985416635;982835617;Darrion Windler;09/03/1940;Chicago
11860768918;455096620;Leonel Anderson;10/12/1927;Jersey
51886101518;254921503;Xavier Breitenberg;26/02/1927;Tulsa
92116370234;817099106;Oscar Zulauf;25/08/1958;Corpus Christi
76371301191;153721357;Alexandro Brakus;16/08/2019;Newark
66480327176;243528922;Yasmine Nicolas;16/02/2000;El Paso
65450533102;788659483;Bethany Boyer;03/07/2011;Sacramento
96257725955;242992601;Calista Pfannerstill;13/04/1919;St. Petersburg
80779858494;409838688;Lera Nicolas;12/05/2012;Reno
51519360831;586649754;Veda Halvorson;07/04/1930;San Diego
36125931131;202548472;Bret Klein;17/03/1924;Oakland
77734054725;947220021;Lillian Harvey;23/11/1979;Tampa
47813947887;484342408;Anais Huel;25/08/1932;Las Vegas
39635172448;356364422;Felix Predovic;30/06/1973;Jacksonville
27694658352;117522428;Cortney Lang;27/09/1966;Fresno
15231241548;979812985;Turner Smitham;30/07/1977;St. Louis
62089363904;517043164;Jed Abshire;11/11/1987;Pittsburgh
48500511687;410937446;Tomasa Harris;03/08/1923;Newark
79542101215;579945879;Filomena Runte;16/07/1946;Anaheim
64693903831;211384184;Rafael Ullrich;16/09/1942;Virginia Beach
22485851218;942273505;Shyann Mitchell;26/09/1957;Henderson
31371438455;775911025;Cecil Zemlak;31/05/1903;Virginia Beach
78328559667;840230925;Wilburn Hodkiewicz;04/05/2010;Lexington-Fayette
12870647923;167556923;Jaydon Schulist;11/12/1962;Columbus
56740195064;800926794;Bria Gislason;22/03/2022;Austin
36179744874;973726713;Beulah Predovic;09/08/1992;San Francisco
74231561481;185397352;Gretchen Prosacco;11/10/1905;San Antonio
68365169896;663243660;Kieran Gutkowski;16/06/1999;Dallas
78538907226;381788149;Cara Mills;30/03/1935;Virginia Beach
53177364707;987969701;Katelyn Champlin;22/06/1902;Chula Vista
72557085533;880392437;Cullen Prohaska;23/11/2009;Baton Rouge
99618285156;116971083;Terence Douglas;01/08/2001;Las Vegas
93515487708;832751524;Ayden Jakubowski;08/12/2004;Phoenix
14699518323;582399274;Catherine Mohr;24/12/1957;Cleveland
26490818660;542338133;Melyna Roob;09/07/1972;Jersey
80330369903;643953578;Stevie Beahan;22/01/1917;Greensboro
93549730479;179887053;Garnet Anderson;07/09/1990;Baton Rouge
86781399539;769069201;Jett Rodriguez;01/07/1965;Detroit
58393679918;111245396;Bonita Maggio;28/12/2001;Charlotte
33354128817;698145157;Tobin Grant;02/02/1943;Detroit
88648538609;286460162;Yasmine Considine;26/07/1952;Wichita
68041769891;682895595;Gunner Jacobi;06/12/1910;Boston
99060698690;844514516;Javon Buckridge;25/01/1996;San Jose
79748227195;276784168;Astrid Hudson;29/02/2016;Mesa
73476590191;119198455;Faustino Schroeder;24/06/1959;Sacramento
23475225473;737662863;Ethelyn Bashirian;18/08/2018;Tulsa
67091308247;389072009;Korey Rohan;29/07/1969;Laredo
43537263564;709080388;Kolby Kutch;25/11/1949;Charlotte
35082449798;448267270;Bernadine Halvorson;24/10/1980;Albuquerque
12834219282;950844593;Lilyan Rowe;01/03/1918;Fresno
51580233270;871289788;Kenyatta Bechtelar;01/04/1919;Birmingham
16565594399;759216506;Gisselle Hermann;07/01/1933;Mesa
79478517635;929075289;Ashlynn Ziemann;09/09/1928;Fresno
42576923828;316338839;Gilberto Okuneva;17/01/1944;Bakersfield
46232939365;232831710;Hudson Kuhn;14/01/1992;Colorado Springs
41308176181;828472708;Alfreda Towne;22/01/1964;Tucson
57757658501;859200918;Cassandra Cronin;27/09/1979;Long Beach
63417257270;596886918;Devonte Koss;16/08/1926;Henderson
42783017597;126315794;Estefania Pagac;07/03/1937;Chula Vista
62601570961;181808012;Justine Deckow;17/08/1973;Los Angeles
48265316294;947951206;Cyrus Schroeder;28/05/1942;Sacramento
33533776031;771165037;Francisca Considine;14/10/1983;Tucson
28576819472;792820334;Mohamed Mayert;25/07/1909;Lubbock
43951390751;421858016;Makenna Windler;01/10/1914;Louisville/Jefferson
66311558420;405257568;Kayden Mayert;19/12/1939;Atlanta
19220142386;763250971;Mireya Greenfelder;15/06/2012;Fort Worth
60101173980;244049951;Vanessa Dickens;23/02/1909;Kansas
19561494013;258643186;Jalon White;26/07/1938;Garland
32311636153;590955027;Billy Goyette;31/10/1994;Chula Vista
74575858896;867667716;Marian Rowe;02/10/1921;Raleigh
13180695003;648100012;Braulio Koch;10/08/1909;Long Beach
76586357761;580044269;Joan Mayer;11/08/2017;Chicago
79765518515;789136098;Santina Lesch;14/07/1956;North Las Vegas
91304631966;432389126;Vidal Grimes;16/03/2012;Jersey
72906356633;238587021;Brycen Feest;08/08/1907;Los Angeles
75353536464;125345388;Brandyn Collier;01/07/1950;Cincinnati
55866996050;938779248;Lavinia Klein;21/05/1922;Jacksonville
86257504440;109165380;Catalina Beier;27/08/1958;Milwaukee
33512864392;567093034;Rico Lesch;04/09/1944;St. Louis
71265398593;828021101;Audreanne Cummerata;26/12/2022;Winston-Salem
70716002012;652243377;Joel Goodwin;24/12/1993;Bakersfield
75401204749;531694894;Bella Grimes;26/02/1921;Fresno
16668161918;285951034;Keegan Wiegand;18/05/1917;Albuquerque
40293247988;295827720;Cynthia Hayes;13/04/1924;St. Paul
90861158935;374403081;Kelvin Kuhn;03/09/1983;Indianapolis
39231503195;130163048;Craig Brown;10/09/1994;San Francisco
44118973829;191351888;Cheyanne Bartell;09/09/1914;Chesapeake
67692077043;379941884;Shanny Marquardt;27/01/1966;Santa Ana
63075267722;610033763;Willow Wisoky;16/10/2023;Detroit
20174617122;359030258;Walter Hoppe;07/05/1989;Lexington-Fayette
88722376250;918398195;Quentin Wunsch;04/02/1917;Boise
97546045687;823071487;Joey Weissnat;03/10/1943;Milwaukee
63910022086;442820213;Abel Hand;30/07/1939;Baton Rouge
16884317467;255928892;Hal Champlin;09/06/2017;Lincoln
12216719553;683601828;Deshawn Lebsack;13/03/1988;Colorado Springs
80816362140;406563435;Macey Dickens;06/03/1998;Las Vegas
72335363813;607153859;Hipolito Rutherford;08/11/1906;Lincoln
68785904479;772311403;Maudie Mosciski;20/07/1973;Detroit
51024918673;516115930;Darrin Langosh;23/03/1924;Hialeah
54417941037;120303402;Flavio Wolf;18/09/1918;New York City
63174718867;918388207;Joanie Thiel;21/04/1955;St. Louis
96932763255;751406019;Jasen Wintheiser;28/09/1921;Honolulu
83140663433;668295743;Treva Jerde;15/10/1997;Anaheim
32986356334;615152865;Ettie Ratke;28/12/1976;Denver
38998134080;531361039;Norma Gleason;23/03/1945;Milwaukee
81684605442;324131802;Enrique Muller;06/03/1998;Stockton
15911460851;399745451;Vincent Roob;14/03/1988;Mesa
79549228484;730799074;Dashawn Bogisich;11/04/1946;Durham
44605476247;757342543;Renee Douglas;07/09/1928;Milwaukee
16840883752;973074332;Rudolph Leannon;25/09/2001;Omaha
19653075850;358662707;Dusty Rempel;26/02/1954;Minneapolis
93925944705;935907906;Maud Bradtke;02/04/1961;Laredo
70524584843;677938958;Issac Graham;22/04/1935;Chicago
28326351414;270087182;Anita Lesch;08/06/2015;St. Louis
54626980444;529979275;Maximus Rohan;18/05/1905;Glendale
31923023973;445513441;Bert Legros;02/06/1919;Glendale
21643427769;355342824;Meghan Haley;27/09/1950;Wichita
76095183343;557419796;Cade Lubowitz;06/03/2011;Bakersfield
12748334305;160043861;Philip Rempel;10/05/1940;Albuquerque
45831725646;173288584;Tillman Douglas;29/10/1968;Pittsburgh
67175881291;661611200;Nellie Terry;01/10/2000;Seattle
70850601469;813454423;Caleigh Schneider;27/03/1918;Baltimore
32428705805;852899124;Keara McCullough;14/12/2003;Newark
98264807690;708488652;Zoie Hills;29/03/2011;Baton Rouge
28916224213;244714590;Anabel Steuber;04/04/1969;Omaha
16146024375;148970535;Damon Smitham;24/07/1944;Plano
10477093214;406185934;Jamal Stoltenberg;18/02/1946;Sacramento
27197222884;747560357;Kathryne Mertz;24/07/1924;Virginia Beach
91972143935;820800621;Keeley Streich;26/05/1983;Boise
31155665002;391004630;Lynn Lueilwitz;25/03/2007;Omaha
36251673431;275489622;Ryann Schmidt;25/06/1981;Boise
37084571762;421221494;Uriel OReilly;02/02/1941;Portland
69701920624;613642580;Deven Reilly;25/08/1948;Winston-Salem
92832105897;372866356;Vivienne Casper;03/09/1952;Newark
59601619943;197220977;Macie Medhurst;28/07/2020;Portland
82146804185;129438474;Florencio Rowe;29/08/1964;Omaha
39785845878;626171239;Kelsi Jerde;23/03/1931;Pittsburgh
22250781301;382945773;Francesco Dickinson;10/05/1929;Greensboro
32554774353;569272867;Zack Streich;09/02/1990;Lincoln
85718185141;860248541;Trudie Runolfsdottir;16/03/1949;Detroit
21416649598;738429853;Vada Greenfelder;17/05/2007;Scottsdale
51268929712;580935871;Columbus Hagenes;18/05/1936;Phoenix
57587766458;351098384;Adriel Champlin;11/01/1907;Miami
79820209674;522253058;Eliane Marks;28/12/1921;Denver
30735518942;726099584;Margret Kulas;30/09/1980;Chicago
83809108499;219354133;Frieda Trantow;06/07/1902;Memphis
29479018930;660735408;Pauline Osinski;11/06/1955;Madison
41629107159;834593143;Emmalee Monahan;09/06/1917;Miami
32551205828;771617967;Kristina Cronin;11/11/1928;Fremont
83914089415;385093215;Lambert Larkin;01/07/1907;Milwaukee
67792619061;694333046;Tabitha Kuvalis;07/01/1974;Baltimore
10321497223;925720636;Nora Lebsack;31/05/1925;Washington
18064722080;357858979;Noemi Schoen;18/04/2013;Albuquerque
96529189396;447752783;Elenora Brekke;01/09/2012;Chula Vista
14249603626;837822465;Lisandro Welch;12/03/1974;Miami
89783107789;424419597;Mercedes Eichmann;30/08/2014;Chesapeake
64313906572;852285697;Don Kohler;14/05/1981;Arlington
25287493286;490645631;Ardith Johnston;10/12/1909;Chula Vista
87925074926;884198613;Bulah Langworth;24/01/2018;Madison
65186970091;423224753;Madisyn Runolfsdottir;16/06/1958;Washington
56155588492;917916837;Kiley Hamill;18/11/1906;Baltimore
71642908240;461707278;Leone Skiles;01/04/1979;Lexington-Fayette
41429017826;256416363;Winston Grant;19/05/2022;Chandler
72693913893;280015701;Rita Mueller;27/03/1943;Dallas
93344684242;816936750;Adella Watsica;12/09/1930;Durham
13503539206;677764893;Jaron Oberbrunner;07/01/1992;Baltimore
22854721864;600925310;Murl Ruecker;09/05/1949;Scottsdale
65265146611;302756565;Julie Armstrong;02/05/1939;Irvine
57622514371;932160942;Otho Fay;13/07/1972;Boise
41914858489;261969891;Florencio Becker;17/08/1961;Pittsburgh
24332024653;674326077;Nelson Eichmann;06/10/1903;New Orleans
48346417857;987566386;Genesis Simonis;09/09/1993;Raleigh
58188657331;430361548;Janiya Kuphal;03/03/1925;Hialeah
56823000826;800331430;Hobart Jast;31/03/2020;Stockton
48987624845;403614334;Marta Kilback;11/05/1914;Indianapolis
81074287513;170468947;Maudie Buckridge;30/01/2022;Las Vegas
71009595907;890185037;Jennings Padberg;26/02/1913;Toledo
62442453702;572437707;Dayana Torphy;16/08/1911;Bakersfield
19919475993;772398753;Concepcion Runolfsdottir;10/05/1925;Irving
20607446828;486697556;Cara Anderson;10/11/1911;Milwaukee
69849957163;983890610;Nicole Osinski;22/11/1958;Toledo
52548681776;517981305;Tatyana Botsford;28/11/1942;St. Louis
33730012408;580572461;Albert Auer;26/11/1990;Boston
83466398465;863450303;Elsa Damore;17/11/1922;San Jose
12792548782;832727243;Megane Olson;02/09/1928;San Francisco
25733357305;759873529;Mark Nikolaus;07/06/1941;San Bernardino
81199299456;339238404;Jedediah Fritsch;16/01/1975;St. Louis
91717582481;422589462;Katlyn Abernathy;26/07/1991;Austin
83882491521;913298596;Deondre Mosciski;22/05/2016;Scottsdale
74208668075;422768614;Michel Borer;19/04/1948;Fresno
30390806274;590473144;Brenna Hermiston;01/09/2000;Atlanta
46146314491;179358445;Camden Nitzsche;02/11/1936;Denver
78395462193;770377267;Hipolito Toy;17/01/1930;Atlanta
48801225676;241045364;Jordon Labadie;05/11/2004;Hialeah
57606611595;782705916;Gabe Fisher;25/04/1926;Atlanta
62311834064;589439897;Juana Quigley;02/07/1911;Houston
70302840754;924104802;Brittany Macejkovic;30/09/1958;Cincinnati
75186060262;611402440;Scotty Ledner;29/08/2012;Scottsdale
55074297850;356854038;Justus Upton;18/01/2022;Durham
27416114239;423308600;Talon Wisozk;20/12/1919;St. Petersburg
40255082666;603535433;Ludie Reilly;27/12/1946;Miami
99407990237;745769202;Claude Bins;25/07/1939;Memphis
18298755986;906038145;Onie Okuneva;21/12/1993;Fresno
70209079791;376483843;Amaya Grady;28/11/1995;Cleveland
24547452335;213789151;Zakary Thiel;22/10/2014;Aurora
17822465232;899241863;Gerald Carroll;04/01/2013;San Antonio
58699568350;454068861;Kip Wisozk;08/09/1929;Indianapolis
94130096936;554058378;Yesenia Wisoky;14/09/1935;Norfolk
58710100919;750255523;Lacy Corkery;18/02/2003;Greensboro
41235859382;247979087;Monica Hodkiewicz;28/11/1950;Glendale
63917537392;444241272;Chad Boyle;20/03/1907;Jersey
43589651143;934174387;Vella Yundt;24/01/2002;St. Louis
86249706642;664791854;Lacey Douglas;29/10/1967;Baltimore
47093865545;709821403;Maryse Emmerich;25/06/1941;Chicago
73488902928;744870468;Shawna Bins;29/11/1946;Riverside
93730848813;167387684;Godfrey OReilly;14/01/1975;San Diego
28971413007;772282429;Dianna Oberbrunner;07/02/2017;Phoenix
42094689308;367785187;Arnold Mayer;01/02/1967;Arlington
17514635697;122249369;Valentin Wolf;09/08/2002;Aurora
51289825899;457901148;Kobe Graham;01/02/1911;Buffalo
96567498262;378928979;Bennett Mann;08/07/1961;Garland
62157604056;648136697;Juliet Mayert;01/04/1959;Santa Ana
67459341732;239088287;Wellington Abernathy;07/04/1923;New Orleans
79376812222;985473588;Roslyn Dooley;23/05/1954;Los Angeles
12770564985;664128016;Maureen Dooley;26/03/1929;Columbus
89929094584;959371929;Eriberto Orn;02/01/1930;Phoenix
37389745088;966204594;Ismael Conn;30/09/1942;Minneapolis
41697108958;952598143;Alessandro Witting;18/09/2002;Fresno
44158587652;126665430;Eloise Mann;28/10/1931;Birmingham
81140827797;554034088;Marc Lebsack;01/01/1924;Glendale
15270997824;295715812;Reggie Bechtelar;16/09/1917;Tampa
74517959404;635040144;Tiara Kihn;25/12/1911;Las Vegas
30786406104;765926040;Enid Green;06/05/1981;Aurora
90438859742;122939058;Ignatius Gorczany;17/06/1937;Nashville-Davidson
19305505506;678037809;Mozelle Hegmann;13/12/1935;Washington
53744758390;358110115;Abby Funk;22/08/1910;Aurora
18281574982;383425020;Khalil Hintz;02/12/1926;Indianapolis
90674551520;246540424;Rosemarie Kuhn;11/06/1963;Garland
23707634675;525949271;Sean Kovacek;27/01/1963;Baton Rouge
31488837531;415045612;Agustina Baumbach;24/05/1949;Albuquerque
33717822528;321375628;Briana Halvorson;29/12/1946;Garland
51900426563;443733625;Enid Rutherford;25/08/1999;Charlotte
94850948366;778498862;Elda Gulgowski;28/08/1936;Kansas
95333878313;997874702;Kristopher Littel;27/08/1981;Nashville-Davidson
37725534275;682049259;Rusty Collins;28/02/1947;Mesa
49314130225;782108209;Aiyana Bednar;28/05/1907;Winston-Salem
51485590723;498980018;Nico West;23/07/1936;Winston-Salem
77126386324;197686371;Eunice Muller;05/02/1913;Bakersfield
91824889597;301036098;Makayla Ernser;15/06/1912;Los Angeles
52499298235;467240935;Alverta Will;26/12/1954;Riverside
60090943029;503754415;Nakia Durgan;01/10/1971;Winston-Salem
27855588187;237363455;Ivy Ratke;28/08/1974;Long Beach
21241015156;386724640;Lucius Senger;03/03/1910;Santa Ana
15025651423;881699120;Raymond Stokes;04/09/2004;Anaheim
68091983603;408334630;Ethel Maggio;27/10/1972;Laredo
96208229585;549046433;Kathryne Schulist;28/01/1961;Las Vegas
36306588891;970226328;Mae Botsford;22/06/1986;Phoenix
81168526341;448355125;Neal Carroll;19/07/1908;Kansas
11895849488;172441064;Stefanie Nitzsche;29/08/1949;Tucson
16804600360;946888261;Danny Mayer;22/09/2008;Houston
53281149786;244135874;Eulah Zieme;25/03/1985;San Francisco
32799731306;232303642;Kolby Hoeger;27/09/1962;Chesapeake
56130632539;277684831;Jamie Sipes;19/05/2010;New York City
71970464135;965574244;Edd Heathcote;06/01/1936;Wichita
66367854961;922697685;Ruthe Kautzer;04/06/1971;Greensboro
10481962131;623905930;Brant Heathcote;20/10/2000;Aurora
23377538425;840256494;Eldred Marvin;12/01/1909;Nashville-Davidson
90180859931;384344004;Minerva Rempel;03/04/1919;Atlanta
51042969265;830129632;Alejandra Kilback;26/07/2007;Cleveland
92936153991;604720493;Everette Larson;22/08/2000;Norfolk
32580053549;551807608;Lyric Hauck;21/10/1967;Minneapolis
14169519139;578343049;Tressa Wilkinson;28/06/1992;Boston
75249084611;239812707;Julius Hudson;19/04/1920;Jacksonville
73839928230;361624687;Pat Gutmann;15/12/1924;Fort Wayne
79062904099;777001598;Bradford Johnson;22/04/1901;El Paso
21431533833;257579591;Jovanny Kuhlman;03/06/1917;Oklahoma
43831637022;282587647;Judge Anderson;26/02/1982;Cincinnati
64322249871;817078497;Bianka Rau;17/01/1917;Tucson
20614784706;961298552;Kasey Jacobson;04/08/1945;Riverside
34328241350;855851653;Alanna Ferry;07/12/2003;Fort Wayne
84268882521;630234910;Gino Daniel;29/06/1967;Honolulu
33994891701;777312854;Macie Watsica;14/11/1995;San Bernardino
54227188086;965123064;Adella Eichmann;06/03/1904;St. Louis
55324548143;564568606;Alex Roob;18/02/2008;Albuquerque
90802969770;522893862;Ryann Huel;19/07/1916;Colorado Springs
10765138221;558275856;Bernadine Stoltenberg;28/03/2008;Tucson
40908998004;989673250;Ryann Fritsch;27/04/1932;Lexington-Fayette
28497548829;190728532;Kianna King;25/03/1993;Memphis
42416996127;463517596;Zoe Rogahn;23/06/1966;Lincoln
29721845516;294829422;Theron Altenwerth;23/10/1985;Miami
19792521960;589337055;Leonard Thiel;30/11/1985;Greensboro
68656551521;100338265;Marta Abbott;16/04/2004;Fresno
97152969319;816999867;Gloria Wiza;19/05/1964;Virginia Beach
51047504782;520486311;Jaqueline Robel;17/03/1959;New York City
36345880874;844582689;Nicholas Bergnaum;10/06/1936;Oklahoma
89870324164;325188500;Willis Fritsch;03/06/1988;San Antonio
67326525815;680352201;Norris Lueilwitz;06/12/2018;Minneapolis
49465279111;827191618;Arthur Raynor;02/05/1912;Chula Vista
96036128212;486356562;Lue Shields;06/02/2002;Chandler
87081168015;386209105;Frankie Jacobi;02/03/2009;Aurora
84838619442;447633730;Mafalda Yundt;31/01/1968;Houston
86815998885;115209672;Melisa Blick;21/05/1941;Fremont
49487127429;182744446;Jaquelin Hauck;01/07/1957;Laredo
88171230753;980056259;Aron Reichel;14/07/1930;New York City
12593326225;125632523;Lawrence Schulist;03/03/2011;Jacksonville
19269391263;149034092;Laverne Feest;26/07/1987;Tulsa
37182982308;213705137;Ladarius Koelpin;06/08/1990;Sacramento
80566457622;153593814;Christian Schroeder;15/08/1941;Honolulu
87675216242;994545875;Clay Kozey;01/11/1989;Lubbock
95069364612;855342478;Ruthie Kozey;02/01/2004;Fremont
97077359419;890812908;Jillian Nolan;31/12/1945;Orlando
94790627243;140688490;Princess Crona;15/06/1938;Stockton
83438695484;883968158;Reid Thompson;23/03/1933;North Las Vegas
99999189726;500780465;Tatum Strosin;22/01/1998;Tampa
72005001343;218661777;Kareem Nitzsche;01/08/2020;Baltimore
21898433768;365891374;Pattie Hyatt;26/03/1995;New Orleans
14909400364;676594814;Urban Hilll;12/07/1935;Santa Ana
78243518484;937655207;Ida Mohr;17/10/1945;St. Petersburg
28634384993;891110820;Josephine Mosciski;17/05/1996;Phoenix
70962051822;786410326;Mina Simonis;05/07/1968;Reno
75096617646;990250736;Judd Konopelski;07/08/2003;Cincinnati
65879596040;461669670;Jordane Hoppe;09/02/1999;Anaheim
71947916841;369027479;Jimmie Mayert;24/12/1989;Norfolk
88034773432;297088986;Darien Wisozk;22/12/1907;Nashville-Davidson
39437787639;219866683;Gladys Macejkovic;11/05/1912;Arlington
30705764069;147920738;Letitia Hamill;25/04/1994;Milwaukee
31512737196;168809588;Bridget Homenick;27/01/1925;Chandler
64368111226;583096694;Dayna Cartwright;16/05/1905;Greensboro
57839425746;590284667;Fannie Bogisich;12/08/1921;Miami
19589784333;130317354;Jaeden Cummerata;06/08/1944;Norfolk
60041695943;997157279;Major Jaskolski;01/12/1936;Milwaukee
72025371648;151219938;Bertram Cormier;28/02/1934;Nashville-Davidson
93473731325;878217285;Lane Koch;10/10/1961;El Paso
18686269914;394870657;Demario Parisian;15/07/1941;Stockton
30636557250;958021095;Icie Satterfield;18/01/2016;Lexington-Fayette
62558418244;260635684;Myah Powlowski;29/06/2003;Minneapolis
35964304265;122395285;Aditya Herzog;05/02/1971;Oakland
74431978055;797622323;Caroline Schuster;20/01/2014;Oakland
23243044961;902620946;Isabell Lebsack;08/03/1989;Houston
79564277919;624442424;Baylee Schinner;09/05/1900;Fort Wayne
81079855590;457204214;Alysha Skiles;23/04/1905;Oakland
50781226565;964939340;Elisha Schmeler;18/06/1964;Reno
37784979582;739284709;Iliana Casper;20/10/1956;Lincoln
71655278060;863809039;Henri Hermiston;19/05/2006;Glendale
93958796524;400995764;Letha Schroeder;09/09/1969;Birmingham
48630600992;402697541;Narciso VonRueden;27/02/1991;Raleigh
97587719542;687142164;Liliane Metz;19/10/1952;Reno
99501895728;638047001;Vickie Botsford;23/05/1981;Boise
29306576119;918947429;Clara Labadie;19/12/1996;Los Angeles
56536497244;370870939;Therese Purdy;25/01/1990;Aurora
30099394342;508058510;Jordi Watsica;08/12/2018;Fort Wayne
59766104155;497465140;Donald OReilly;14/01/1967;Aurora
76578662923;896702582;Wilson Schowalter;10/07/1909;Pittsburgh
15047761423;575063792;Tre Hamill;11/05/1962;Chula Vista
16236996796;699419870;Hertha Okuneva;23/02/1945;Fresno
86752782499;333138822;Tatum Gorczany;24/01/1904;Long Beach
52008525246;382472285;Precious Walsh;24/10/1948;Corpus Christi
76341896109;780459447;Taya Bashirian;20/01/1946;Newark
20690288150;190263614;Duane Gottlieb;16/04/1965;Stockton
47942381428;790595753;Maia Ryan;19/04/2017;Birmingham
59984000815;442306581;Jayme Pouros;03/03/1906;Jacksonville
93557986670;207384302;Norwood Lakin;25/10/1956;Cleveland
15404293020;632456941;Norberto Huel;07/03/1990;New York City
40011316676;613576112;Gilbert Ondricka;28/07/1936;Boise
83826035782;137353537;Hadley Pfannerstill;12/08/1992;New York City
39619502561;154265495;Adrian Weimann;23/09/1920;El Paso
37029569066;967872171;Cordell Predovic;14/11/1980;Chesapeake
61021419599;605943183;Davion Wyman;30/08/1914;Pittsburgh
77578860567;711464274;Rowan Grady;06/07/1989;New York City
35522700171;623208523;Jason Fadel;22/09/1965;Jacksonville
66783039359;502912556;Pasquale Considine;26/03/1959;Sacramento
26811356382;921135563;Brycen Reichel;12/06/1953;San Francisco
38602028800;744652496;Nathaniel Mayert;11/01/1915;Fort Worth
71996155093;751163941;Mario Schinner;05/12/1904;Reno
59831815485;751479604;Iva McKenzie;14/04/2007;Seattle
31690603753;580041806;Tito Bauch;25/02/1986;Minneapolis
71744229411;564618330;Jayde Fritsch;01/07/1939;Nashville-Davidson
75758499789;663005003;Aaron Larson;15/01/1984;Greensboro
50395948581;892555271;Kailee Conroy;21/04/2003;Baton Rouge
31814656622;899393638;Jessica Jacobson;11/01/1952;Los Angeles
90285927469;399586553;Efren Wolf;22/02/2001;Long Beach
65322271037;573244948;Arturo Hilll;01/10/1911;San Antonio
98586421541;216685510;Aracely Windler;18/12/1910;Buffalo
35300054253;173467076;Gianni Ortiz;07/08/1987;Lexington-Fayette
78446639940;745629406;Cheyenne Rohan;03/02/1932;Arlington
89281585941;602291067;Vesta Bayer;14/11/2007;Hialeah
94773316043;894336959;Aylin Aufderhar;14/02/1975;Garland
67761173529;777926248;Lester Gibson;20/09/1928;Madison
81545034266;465622519;Agustin DuBuque;25/02/2008;Fremont
88251345216;949162196;Rhiannon Emard;20/05/1980;Washington
12704104144;173832445;Kaela Schamberger;29/09/1928;Pittsburgh
90601920569;716580995;Maurice Goodwin;06/11/1905;Wichita
50746392566;616464363;Carlo Fahey;24/11/1933;Virginia Beach
81897383165;856522573;Leif Waters;21/03/1915;Tucson
29923856912;743776405;Justus Klein;06/02/1903;Los Angeles
69003613875;984782602;Freeda Padberg;19/09/1912;Glendale
58785314706;821951087;Dejah West;25/04/2023;Austin
75331309497;683533627;Jason Tillman;11/02/1918;Los Angeles
17968562146;130882888;Reva Kautzer;22/10/2008;Jacksonville
87051145736;225219353;Fanny Orn;24/01/1945;Virginia Beach
19806059808;636207968;Imogene Wisoky;30/07/1988;Chula Vista
62355917462;790943998;Erna McGlynn;24/10/1910;Seattle
93577832703;814908886;Danielle Abernathy;13/10/1949;Anaheim
55294880784;771171333;Alvis Gulgowski;29/03/1994;San Diego
41088967287;761271566;Marie Von;27/09/2001;Fresno
29567234925;909414711;Drake Nader;20/03/1989;Chesapeake
16273811548;783436089;Brigitte Cassin;05/01/2017;Riverside
44297361869;434066134;Giovanny Kuphal;11/06/1961;Kansas
70228860507;109677607;Muriel OReilly;25/07/1993;Riverside
46621530216;387427622;Dedrick Goldner;22/03/2002;Houston
84297892467;793601792;Concepcion Hills;16/01/1942;Winston-Salem
19679063583;630463568;Merlin Vandervort;05/11/1985;Buffalo
12606553608;239990900;Stanford Farrell;19/11/2022;Anaheim
44989855582;490370996;Elsie Wunsch;11/10/2013;Albuquerque
74788583404;354377600;Crystel Kohler;14/05/1906;San Jose
76964116161;706418948;Jamar Hoeger;12/06/1941;Norfolk
13453671937;403477756;Karianne Abshire;10/09/1943;San Bernardino
71192205814;887504055;Camryn Jakubowski;07/05/1901;Chesapeake
47123359688;688464521;Ansley McCullough;21/02/1948;Buffalo
51996239143;788660988;Bret Paucek;23/08/2013;Long Beach
59892331938;480267574;Alex Hoppe;17/04/1908;Plano
52522150025;729094320;Kianna Stark;05/09/1963;Greensboro
45368860963;533749809;Philip Franecki;27/11/1962;Memphis
74097247339;902867024;Aisha Bartell;26/05/1925;Indianapolis
76807417537;266481455;Oleta Erdman;04/03/1984;Minneapolis
64224092685;263481168;Cedrick Carter;09/01/2017;Stockton
59939721636;287024114;Marianna Wilkinson;13/02/2022;Arlington
17810072993;980234237;Hiram Bailey;17/10/2022;Omaha
94531440217;708984386;Mervin Schuppe;21/09/1902;Boston
32064140812;778777953;Derrick Bergnaum;18/07/1939;Aurora
33678119424;837448260;Walter Lemke;13/09/1997;Scottsdale
11651600335;683841136;Leif Dickens;24/08/1975;Pittsburgh
20778260022;478587670;Jalyn Macejkovic;06/11/1907;Philadelphia
63795054151;163714174;Lester Schumm;03/05/1987;Fremont
11704602073;157719141;Grady Hoppe;22/09/1953;Dallas
30331836444;445567288;Rudolph Crooks;22/03/1975;Toledo
72530047638;812466599;Miles Pacocha;04/02/2007;Dallas
47713244695;275971752;Alycia Reinger;07/03/2002;Milwaukee
28582914464;494358388;Letha Baumbach;02/03/1926;Fremont
50913451137;984900127;Leda Kunde;15/12/1976;Newark
55838611493;896622352;Chasity Collins;08/11/1908;Reno
61178650802;375416316;Litzy Orn;03/08/1939;Detroit
64654131525;113148568;Gregorio King;04/02/1982;Santa Ana
75041290802;510786943;Alana Lowe;13/04/2018;Baltimore
52837028953;872002535;Nick Heaney;26/07/2014;St. Paul
97077239679;550293115;Elenor Olson;05/12/1925;Santa Ana
16334293605;865089977;Ryan Hyatt;25/03/1937;Minneapolis
67293480656;460366763;Bobbie Koelpin;02/08/1929;San Bernardino
35347582447;407883247;Elfrieda Weber;30/01/1920;Plano
43338371390;601193215;Wilburn Watsica;06/02/1913;Pittsburgh
28222962434;790927370;Larue Lueilwitz;20/04/1927;Columbus
73549678524;761987425;Evalyn Orn;01/03/2002;Oakland
33659872853;395499478;Palma Bergnaum;21/01/1946;Colorado Springs
93350747158;744013813;Sidney Ondricka;06/06/1952;Irvine
16051104135;760990695;Wilber Kunze;13/10/1964;Santa Ana
87746464312;220735762;Jakayla Homenick;07/01/1987;Philadelphia
21131790044;787135583;Bonita McCullough;02/04/1903;Arlington
99356461953;754690335;Pearlie Yost;07/03/1993;Portland
17292138676;749557280;Joan Kemmer;26/02/1911;Portland
21583586857;338512398;Lamont Schmeler;20/07/1941;Baton Rouge
79411379855;728573300;Madisen Cole;13/10/1955;Madison
14453476731;873597657;Justine Bernhard;18/07/2019;Arlington
15301032733;690755104;Lance Dicki;24/10/1954;Detroit
96857611346;319986005;Lorenz Lind;21/08/2022;Scottsdale
53622876517;197186331;Linnie Howe;16/02/1921;Oakland
70291510986;547365460;Caterina Jacobs;25/09/1941;St. Louis
31829995979;125308705;Roger Mayer;07/04/1913;Colorado Springs
91076175204;553101452;Adeline Hoppe;02/10/1975;Milwaukee
36268430893;278513227;Charley Walter;17/12/1988;Wichita
82197596367;875959446;Desmond Wunsch;01/09/1986;New York City
63499499090;452051788;Ronaldo Schamberger;11/06/1965;San Diego
85277478250;454574801;Julian Abbott;13/01/1971;Mesa
65051932220;869529522;Adan Harris;05/02/1921;Durham
30225583932;886965274;Elvera Spencer;11/12/1930;Austin
62715621420;401271866;Erich Conroy;13/01/1916;Washington
58616286706;557982618;Leonel Roob;15/12/1984;Mesa
47800859233;592280858;Vena Kerluke;01/03/1905;Honolulu
28146908925;614438001;Filomena Ankunding;08/11/1981;Bakersfield
36414914377;555267601;Assunta Homenick;10/09/1981;Phoenix
62280624696;204655912;Irving Hilpert;13/01/1921;St. Petersburg
50074891050;121060654;Rachael Feest;06/03/1930;Jersey
79496666099;289486500;Eloy Crist;31/07/1958;Colorado Springs
20470796389;248973048;Mandy Conroy;29/11/1950;Bakersfield
96914608064;749680862;Jamal Schulist;05/12/1977;Stockton
95671128792;682895379;Lilyan Blick;05/05/1942;Houston
92712784543;589784635;Ella Balistreri;08/05/1929;Winston-Salem
88486210087;436603099;Deven Rempel;13/10/1907;San Antonio
98635606141;900267786;Eliezer Abernathy;24/09/1901;Honolulu
50693779799;752441624;Linwood Heathcote;04/12/1962;San Antonio
47413045428;888085787;Jackeline Eichmann;01/05/1998;Hialeah
96689586279;112447838;Hector Klein;12/11/1930;Mesa
35201084461;344043305;Curt Schneider;16/06/1925;Chula Vista
94636390133;979355539;Madge Ebert;17/12/1900;Baton Rouge
85589048883;882706021;Christine Runolfsson;05/01/1917;Minneapolis
31086540538;960809655;Lonnie Towne;07/11/2016;Anaheim
35180955060;751013025;Faye Dare;03/05/2014;Madison
67353670129;555248878;Raquel Kunde;23/04/2010;El Paso
41361966988;442598652;Rory Reichert;23/03/2020;Santa Ana
37727553915;777486035;Maxie Nicolas;03/09/1957;Hialeah
96721160352;829561549;Paris Weber;12/06/1984;New Orleans
86058437147;450717759;Theodora Abshire;20/09/1901;Boise
42642890972;189566226;Adolphus Hermann;18/08/1990;Denver
26519639582;193155206;Damian Corkery;07/02/1961;Corpus Christi
98473664439;160721676;Haley Schneider;13/03/1924;El Paso
25303897827;800193418;Sabryna Parisian;25/05/1911;Mesa
89394019201;952912487;Thomas Pagac;31/03/2017;Dallas
78404478411;151995790;Dawson Heaney;14/05/1946;Charlotte
14690501107;729741963;Eddie Bailey;18/08/1930;Washington
58333702006;282600517;Luz Will;12/12/2014;Bakersfield
55742598523;740600816;Kyra Glover;17/09/1996;Fresno
65509688755;912200392;Sherwood Zieme;11/10/1990;Scottsdale
58135004924;832885283;Maudie Hilpert;02/01/1998;Minneapolis
55906821555;267998734;Royce Reinger;25/11/1921;Winston-Salem
73596272172;649169632;Linda Gulgowski;23/07/2010;Fort Worth
58251369426;475273170;Isabelle Kuhlman;05/07/1983;Lincoln
66385558998;371690083;Albert Bauch;03/10/2004;Long Beach
43074961491;601173163;Trevion Bogisich;09/02/1974;Detroit
15096843269;688733662;Nick Leannon;05/02/1939;Sacramento
44215442440;243284685;Anne Ziemann;14/09/1935;Madison
20773829048;242527946;Noelia Hansen;30/01/1977;Corpus Christi
14606304074;977805696;Arielle Purdy;05/10/1901;Memphis
63826213165;270900569;Clinton Jacobi;01/10/2019;Corpus Christi
32987459056;646101111;Jaida Buckridge;14/09/1991;Irvine
66156225282;869073696;Chris Hermiston;21/11/2010;Miami
38651797166;861803929;Dallin Johnson;06/11/1999;Arlington
90988811803;110794590;Glenda Brekke;20/07/1985;Jersey
10594641123;608937452;Albina Cronin;20/11/1916;Portland
22563478774;432403324;Aisha Kub;05/06/1918;Louisville/Jefferson
33357379368;184081892;Helena Koepp;17/08/1964;St. Petersburg
89936373097;113733199;Maci Herman;28/09/1918;Boston
67769422904;382032358;King Gislason;30/06/1913;Philadelphia
10356191111;851663018;Dax Hegmann;19/08/1916;Scottsdale
53819560104;685158924;Hal Jast;03/10/1954;Laredo
70561004373;143367119;Florence Friesen;08/04/1989;Norfolk
26893626076;796844182;Susan Dicki;29/03/1933;Washington
65635442824;285839747;Hassan Thiel;28/06/1939;Jacksonville
50866683614;665338795;Daphney Kautzer;26/06/1924;Cleveland
58460669758;707595436;Mateo Ullrich;19/02/1954;Santa Ana
59668001046;344925478;Aglae Murray;27/10/2018;Wichita
20873672492;239645753;Wyatt Schroeder;06/01/1988;Anaheim
66613264262;720362377;Lilian Bauch;12/05/1906;Garland
48779733437;250867132;Kavon Funk;21/12/1987;Bakersfield
35013900866;524040433;Finn Armstrong;19/03/1907;Lincoln
21048628125;884764414;Urban Keeling;11/08/1900;Nashville-Davidson
77904396071;515655798;Lauryn Beahan;30/09/1913;Baltimore
70679768472;369974793;Lenny Ferry;02/01/1968;St. Paul
19466773826;240095912;Micheal Wuckert;21/06/1951;Chicago
58840946480;231903525;Ursula Kris;25/02/1931;Bakersfield
29643264774;559435157;Rhett Schuppe;27/05/1934;Las Vegas
54145191137;814336359;Annamae Hayes;02/06/1938;Norfolk
85865769087;598013824;Tia Boyer;26/12/1948;St. Petersburg
97191616499;989011178;Jaime Mills;13/10/1985;Arlington
70173525772;384435804;Carissa Prohaska;26/04/1950;Oklahoma
43442737296;281119037;Nils Davis;14/01/1961;Cleveland
60999689977;643580442;Hazel Rath;03/01/1918;Colorado Springs
97650433492;454851754;Harold Carter;02/05/1951;El Paso
31105595244;464875690;Conor Price;15/09/1965;Miami
26409481823;266913587;Ernestine Kassulke;12/08/1998;Fresno
89958537712;703780966;Gerhard Watsica;20/11/1953;Milwaukee
75961656968;447104295;Osborne Bernhard;02/03/1911;Hialeah
67017932287;461833530;Margarett Grimes;13/01/1931;Indianapolis
69233207735;644807682;Gretchen Wehner;29/12/1904;Baltimore
66878512163;779453084;Ashton Kerluke;20/03/1999;Boston
85429476977;705654082;Deondre Kuhlman;31/07/1956;Orlando
87475587917;584773022;Davon Lesch;17/07/1933;Pittsburgh
59774871150;693667770;Malinda Bogan;17/10/1958;Birmingham
45218676097;759446646;Francesco Grady;01/06/1982;San Antonio
85758046308;281190236;Eldridge Mohr;12/02/2004;Anaheim
15929980509;899867653;Cecilia Reichel;27/06/1914;St. Louis
85614933199;254397478;Lori Schultz;29/07/1921;Mesa
18020993935;138181641;Reid Bartoletti;15/11/1952;Riverside
66291420682;958576175;Katherine Olson;01/04/1952;Louisville/Jefferson
56692124859;280101887;Sterling Dickinson;17/10/1998;Phoenix
52047325405;997192360;Jennyfer Rempel;22/11/1994;Austin
10995753127;366150314;Arnoldo Jacobi;11/10/1976;North Las Vegas
64189122691;405598323;Don Jacobs;02/10/1901;Baltimore
36174754645;174217714;Ashtyn Ritchie;18/07/1967;Anaheim
43781772730;134512144;Jared Bogisich;08/06/1953;St. Petersburg
77739142134;720230725;Elody Mills;20/04/1995;Long Beach
17965846351;385951114;Jairo Thompson;19/07/2023;Tampa
53657374266;341330837;Michele Williamson;05/04/1983;Virginia Beach
48138442887;346918799;Annabel Bashirian;24/10/1987;Washington
79757308644;365059660;Odie Breitenberg;09/06/1936;St. Petersburg
48448621037;139725723;Aubrey Kohler;26/02/1958;Hialeah
35829681402;174287655;Emilie Feil;25/03/1935;New Orleans
64072141080;245796783;Elmer Prohaska;09/09/1905;Denver
59532640652;709466010;Theresa Hilpert;10/04/1967;Louisville/Jefferson
88470029955;530671849;Claude Nolan;23/02/1997;Tulsa
24347147188;949686910;Florence Mertz;02/11/1945;Denver
97343878968;805968392;Litzy Spinka;04/12/1942;Kansas
47663795457;321607299;Clovis Hyatt;14/04/2014;Washington
71775767407;288301739;Alison Romaguera;31/05/1989;Jersey
32633913344;438703813;Yolanda Jacobs;10/11/2001;Lubbock
41213463514;569399918;Eldora Johnson;18/09/2005;Jersey
83526483830;527241282;Jamir Schneider;22/03/1940;Dallas
48524178481;114122605;Halie Sauer;05/11/1932;Fresno
81238871453;206271818;Gerard Kerluke;02/06/1942;Greensboro
13773599309;319952083;Estevan Jones;10/08/1996;Louisville/Jefferson
87350299132;924991145;Shanel Grady;09/04/1990;Fort Wayne
83384625800;540678601;Dereck Schaefer;01/05/1960;Jersey
14693235046;918174625;Kacey Hessel;13/05/1926;Long Beach
80911650998;201484902;Irving Weissnat;04/03/1985;Sacramento
42022946703;902272415;Jerad Aufderhar;23/04/1969;Honolulu
10133880062;100531652;Godfrey Kihn;18/05/1936;Riverside
75173697428;367166484;Brett Cormier;09/12/1974;Denver
37170615163;116398776;Craig Kiehn;21/06/1900;Minneapolis
64888370078;389799738;Ova Hodkiewicz;26/06/1987;Aurora
45559023537;906549299;Alana Konopelski;23/01/1935;Greensboro
73281841683;449287793;Ethyl Kub;06/05/1968;Omaha
64797696958;881089256;Reanna Collier;21/07/1962;Memphis
77808041544;564501249;Therese Brown;06/08/1911;Stockton
35592883542;725002570;Nayeli Weissnat;30/05/1946;Norfolk
15426282697;843633243;Erica Quigley;25/02/1969;Stockton
19226153892;536226695;Frankie Hermann;11/08/1980;Riverside
84335544762;946552171;Chadrick Franecki;11/12/1932;Jacksonville
35622758762;961135434;Ulises Tremblay;07/07/1931;Columbus
78190972822;157101092;Freeda Barrows;05/12/1923;Lexington-Fayette
96435228485;114987618;Giovanni Johnston;22/04/1914;Detroit
36018811002;383303627;Christina Kozey;26/08/1995;Henderson
46201747125;301173723;Aron Beier;24/11/1943;St. Petersburg
95231680416;140945604;Flossie Hackett;16/08/1933;Anaheim
55786469569;578275574;Jeanie Lakin;31/05/1958;Plano
62065067435;647586855;Breanne Schuppe;25/10/1950;Philadelphia
64784370253;683138357;Arielle Koepp;03/02/2023;Orlando
17175471030;734092474;Johnson Keeling;23/06/2022;Omaha
69909135754;466699971;Urban Greenholt;23/05/1905;Miami
54742903019;993319709;Philip Bernhard;21/12/1982;Henderson
78272006669;268373426;Bell Halvorson;22/04/1964;Norfolk
96239363450;777688868;Addie Metz;10/11/1907;Madison
35184029669;528221201;Sabryna Feil;31/07/1964;Greensboro
91466711615;218241302;Florian Murazik;19/09/2003;Durham
65122266542;869479734;Elenor Glover;02/11/1940;Arlington
32321968416;413395909;Camille Walsh;21/10/1926;Indianapolis
41004390120;501165784;Jasen DuBuque;09/09/1908;Houston
37764447724;962427414;Marlon Carroll;08/06/1956;Garland
36237495370;519642244;Zachariah Farrell;11/07/1961;Charlotte
27194124842;693314546;Abelardo Stamm;14/05/1909;Buffalo
35414726837;580409644;Cecile Murphy;20/11/1997;Baltimore
72562377715;464346270;Margarita Tromp;30/06/1931;Aurora
29506539909;429835191;Cora Feil;29/08/2003;Hialeah
12630897139;712848587;Garrick Kilback;17/07/1903;Stockton
50856705351;751853876;Joe Murray;01/11/1942;Memphis
27876674082;660323913;Elwyn Frami;20/12/1912;Fort Worth
27413533969;491279710;Max Mann;30/06/1993;Washington
24318241110;895072493;Rasheed Corwin;01/05/2014;Colorado Springs
94205037317;142986745;Colin Schimmel;27/06/2019;Wichita
81089946169;740301836;Rosanna Jenkins;05/08/1933;Miami
25304730649;572374179;Litzy Hermann;29/04/1936;Houston
73573590367;241762627;Julianne Muller;11/03/2000;Raleigh
16881494899;555338270;Gabriella Crona;12/02/1931;Newark
56753681373;615458902;Luther VonRueden;05/03/2009;St. Paul
98811935152;526514027;Delpha Dibbert;20/11/1906;Las Vegas
52745127035;114884842;Anne Gusikowski;01/03/1994;Lincoln
76338635615;107922368;Carol Shanahan;01/03/1922;Chandler
61942737684;805424272;Dayna DuBuque;16/04/1942;Atlanta
73165337611;156615385;Doris Collins;27/07/1947;Miami
51627214475;828853575;Helmer Hintz;31/08/1924;Buffalo
14962141927;768613550;Marisa Purdy;12/06/1913;San Bernardino
29349698439;972955716;Anya Erdman;04/11/1913;Hialeah
60426539456;743163171;Sigrid Sporer;25/06/1998;Raleigh
18413798523;982018844;Maxie Zboncak;17/03/1921;Irving
79530088932;110912419;Ansel Welch;01/05/1904;Minneapolis
83205231797;772752934;Zion Grimes;19/07/2005;Irvine
15852607557;169031939;Harold Toy;20/02/1915;Orlando
46460071028;210836043;Nona Gutkowski;03/04/1990;San Jose
65569788087;681267301;Jasen Koch;20/10/1975;Greensboro
67221799800;237088084;Monserrat Abshire;10/02/1958;Tucson
42598356544;164213727;Gunnar Fay;17/10/2007;Aurora
64079578520;213252518;Izabella Pagac;12/04/1931;Durham
61886547873;943593784;Blair Gerlach;12/07/1904;Boise
76807612487;927659154;Owen Veum;09/11/2002;Atlanta
88153678341;825452676;Marco Hauck;31/05/2018;Tucson
26323161001;182380923;Meghan Wisozk;09/08/1987;Milwaukee
48430016396;564297886;Fay Brakus;20/05/1911;Boise
76586315368;739068817;Gust Schultz;26/09/1960;Garland
74775695458;913897562;Rhea Larson;20/06/1997;Tulsa
59626275217;998281418;Margie Trantow;05/03/1998;Laredo
52227341321;260500849;Norval Upton;11/05/1934;Cincinnati
25169370136;592423422;Mireille Huel;09/04/2016;Oklahoma
45265218990;846060930;Jayson Cormier;02/05/2008;Los Angeles
20205687384;392644837;Anais West;11/12/1984;Irving
61283484630;273550025;Amelie Runte;16/09/1983;Wichita
14658426060;563319066;Barney Marvin;13/12/1910;Chesapeake
27041229928;649925906;Logan Jacobi;19/08/1996;Nashville-Davidson
26284416754;596410032;Kaya Fisher;12/12/1972;Reno
22503864095;297182895;Elvis Walter;23/11/1916;Stockton
41386862311;382740039;Mose Doyle;08/06/1981;St. Paul
91121980494;504338668;Roxanne Schulist;02/02/2002;San Francisco
51353151756;389383393;Paul Wiza;16/04/1939;Atlanta
38988485924;285717323;Madie Armstrong;26/07/1911;Anaheim
53659304462;615404764;Elna Hansen;14/06/1989;St. Paul
46366206207;300367680;Monte Fahey;26/05/1991;Columbus
16451775363;987307901;Frederick Bergstrom;18/07/1970;Miami
57169991693;896105403;Savannah Jewess;03/02/1973;Washington
31692547087;442733917;Friedrich Shields;11/06/1972;Miami
74599543310;661763290;Jillian Schroeder;05/10/1966;Lexington-Fayette
60081937302;252253769;Frederick Kunze;26/07/2003;Jacksonville
56676070859;102769096;Christop Lindgren;11/07/1971;Winston-Salem
21265147877;160245150;Makenzie Mueller;08/07/1997;Irvine
10529108135;261699121;Sharon Kuphal;09/07/1928;Tucson
22348417964;935869523;Brian Cole;06/06/1983;Newark
66029601025;847980335;Elaina Kunze;28/09/1966;Memphis
21815235708;856613751;Hershel Zemlak;04/12/1954;Chandler
11109964060;287639153;Ava VonRueden;29/06/1918;Denver
60178772680;698334729;Yoshiko Beahan;16/08/1961;Fort Worth
81587424461;369470653;Abbie Howell;27/03/1910;Denver
11566018587;624424154;Jerome Kessler;11/03/1933;Seattle
10731559399;968875771;Manuela Zieme;07/11/1902;Tampa
99210031753;206230749;Josefa Monahan;12/11/2012;Long Beach
18260294415;824759207;Audra Olson;31/07/2018;Memphis
78844465167;186284263;Demond Ritchie;01/01/2002;Norfolk
27622322974;438606555;Geovany Dooley;02/06/1906;Raleigh
62640330812;339913027;Lia Ritchie;28/08/2017;Orlando
42780564791;910679135;Ken Heaney;31/07/1939;Birmingham
48726325958;260682159;Nikita McCullough;24/12/1974;Hialeah
49235746895;612784132;Mandy Hansen;28/11/1970;Cincinnati
10806387805;479001321;Amelia Kuphal;09/07/1941;San Diego
46003569037;339134102;Bella Leuschke;15/01/1965;Long Beach
69642564003;262246742;Adrienne Denesik;26/10/1985;Birmingham
70761764000;729202162;Jo Armstrong;19/02/1960;Arlington
17557555893;633631035;Oral Kuphal;29/09/1905;Memphis
12787815479;256252084;Jaylin Lindgren;19/05/1935;Anaheim
91910277852;437287550;Darron Simonis;25/11/1986;San Antonio
58290405541;434420628;Rosalyn Pouros;02/03/1962;Fremont
88681278358;773246847;Rose Paucek;19/09/1996;Chula Vista
37645100654;315305698;Unique Hand;18/06/2011;Durham
39416421351;333238690;Alejandra Nader;02/11/1989;Boston
67432962972;829274946;Fredy Hansen;06/06/1900;Oakland
65195866164;337573364;Tony Schuster;02/07/1965;Durham
45591669470;348713979;Warren Carter;15/11/1959;San Francisco
84534772701;509502468;Kenya Fahey;25/09/1984;Baton Rouge
34281095000;933838847;Augusta Kunde;26/08/1932;Los Angeles
98168381008;596609200;Angelita Collins;29/07/1964;Bakersfield
30466381849;156082686;Melissa Rau;07/07/1977;Tucson
33268841372;905745952;Nicole Flatley;14/07/1945;St. Louis
32060666863;974288415;Alisa Armstrong;31/10/1991;Sacramento
30061449915;508463411;Kaci Kub;12/10/1925;New York City
64406104875;414413192;Victoria Wyman;16/12/2016;Atlanta
99957186367;567703494;Frieda Stiedemann;14/11/1926;San Diego
25417407646;565511444;Meta Hauck;10/11/1960;San Jose
53284121674;775839481;Joana Nienow;18/02/2001;Virginia Beach
66462591078;846267077;Constantin Kutch;22/04/1959;Jacksonville
31548968212;389015411;Rossie Hagenes;02/09/1963;Scottsdale
85220372539;974762903;Tiara Becker;07/04/1922;St. Petersburg
10505512681;324228397;Destin Rolfson;19/08/1906;Toledo
33391109513;647308974;Connor Cole;11/05/1984;Boise
57635651129;686696852;Trycia Jewess;04/01/1955;Norfolk
23572672042;144954489;Giuseppe Bednar;05/01/2021;Fort Wayne
67597462250;365085922;Celestino Bayer;23/10/2003;St. Petersburg
76163082354;245097497;Davion Luettgen;17/01/1948;Nashville-Davidson
57931076775;316438228;Kiera Hansen;23/01/2018;Portland
32994609644;849904126;Nico Bins;03/07/2015;El Paso
64231855192;100247050;Zula Balistreri;26/02/1903;New York City
25383708118;320458994;Carolina Kuvalis;23/04/1999;Denver
58346457192;495765583;Sarah Greenfelder;25/07/1908;Columbus
91639654899;984385399;Gisselle Balistreri;20/01/1963;Birmingham
33330845185;644121690;Francesco Hermiston;16/08/1995;Denver
15971516344;910303312;Alize Hoppe;06/01/1922;Riverside
44772657753;172194777;Terrell Fay;13/02/2011;St. Paul
34092572917;420940924;Simone Prohaska;01/04/2007;Cincinnati
22704330449;212166190;Hank Fadel;18/10/1998;Long Beach
14328091074;291049668;Mia VonRueden;14/02/1969;Milwaukee
71156308251;417433510;Tyrell Willms;11/03/1984;Portland
34813186610;277956323;Abel Gleichner;25/10/1971;Corpus Christi
96288548209;179187308;Melisa Quitzon;05/01/2011;Milwaukee
21542631562;162787809;Giovanni Feest;25/03/1977;Bakersfield
41574491511;823100223;Milan Cruickshank;15/09/1921;Lincoln
17572632145;744736084;Hadley Harber;09/10/1964;Atlanta
28816918249;171438227;Lorenz Pfeffer;12/03/1907;Boston
15158679922;947594321;Danyka Grimes;12/09/2005;Oklahoma
81783060243;409794670;Cameron Ward;22/12/1994;Lubbock
39980993928;712815844;Chadd Smith;10/03/1993;Chula Vista
67018773405;865990578;Pedro Bergnaum;03/04/1993;Albuquerque
62233261340;285984378;Randy Rodriguez;06/09/1917;El Paso
15349901892;402862035;Tamia Kerluke;29/01/1984;Fort Wayne
75288950513;760733173;Pierre Treutel;23/06/1984;Toledo
29486115143;797691297;Destin Becker;16/09/1925;Hialeah
23512285953;402822532;Adolfo Turcotte;15/05/2007;Chandler
44009698428;621580527;Davion Hayes;28/10/1922;Charlotte
57773844008;292804114;Maybelle Brekke;11/01/1983;Baton Rouge
25177235799;380181058;Elias Boehm;12/08/1958;Tampa
55314042002;408130112;Ella Pacocha;10/03/1918;Las Vegas
35499516618;958457513;Madisen Raynor;06/01/1970;Santa Ana
